Unnamed: 0,r_id,recipe,Calories.kcal.,Moisture.g.,Protein.g.,Crude_fat.g.,Saturated_fat.g.,Ash.g.,Carbohydrate.g.,Dietary_fiber.g.,Na.mg.,K.mg.,Ca.mg.,Mg.mg.,Fe.mg.,Zn.mg.,P.mg.,VitaminA.IU.,VitaminE.mg.,VitaminB_group,VitaminC.mg.,Fatty_acid_S.mg.,Fatty_acid_M.mg.,Fatty_acid_P.mg.,Amino_acid.mg.,Cholesterol.mg.,Cluster
10173,10000370,家常菜 涼拌龍鬚菜,394.4396,11.6917,15.4421,13.9531,3.533,4.1439,54.7692,8.145,755.0974,115.3528,709.1785,86.3671,24.1458,1.4934,113.6807,32.536,6.1542,18.5491,0.0,3532.9442,4970.9354,5449.8893,23229.0749,37.3653,2
10174,10000386,留學生食譜 味噌雞肉丸子烏龍麵,132.7732,72.8839,7.6659,4.8995,1.4706,1.2821,14.3017,1.0218,549.6563,1266.8735,596.8447,175.1486,12.8384,2.503,200.4111,1956.7577,0.3902,16.2502,1.874,1470.5594,2200.2646,1252.519,7321.0582,41.4425,2
10175,10000487,[SDS] 自己做香草精,312.4458,7.6292,24.3625,7.4958,1.5042,12.8542,47.6625,25.0417,27.9083,2404.1292,3073.4208,662.8792,53.2792,4.6208,260.2417,27139.7125,15.4375,197.0583,141.4875,1504.75,1498.2292,4491.9167,20586.1875,0.0,2
10176,10000639,生酮低醣餐 麻香龍鬚菜,324.2157,22.5319,8.5272,9.3417,7.7251,3.2995,56.2998,11.9844,84.9044,112.2897,938.4074,112.7243,32.3806,1.5378,69.1832,5.9885,1.295,28.2379,0.3523,7725.1256,988.1202,616.9969,15596.8655,0.0,2
10177,10000904,[湯料理]沙茶豬血韭菜湯,52.6793,88.05799999999999,5.0747,2.613,0.5365,1.7551,2.4992,1.0443,331.1494,401.9774,34.1245,12.7222,19.5476,0.3092,65.483,1369.93,1.6619,51.7273,5.3708,536.5521,601.5281,1474.8807,2996.0109,34.4669,2
10178,10001163,佑佑低GI烤雞翅,236.3372,55.424,14.5262,14.1865,3.5362,3.6859,12.257,6.3605,1080.4792,475.0586,140.1815,73.9422,11.5987,1.7530000000000001,172.6929,149.3978,14.0024,35.1797,1.7149,3536.1193,6762.0495,3895.4822,13489.7504,70.0115,2
10179,10001592,家樂氏Specil K  棉花糖脆餅,434.3552,3.952,6.2797,17.543,12.0232,0.0036,66.4913,2.4882,551.5182,131.0988,67.3935,29.7684,21.8693,0.0669,4.9682,1973.0381,0.5442,6.04,15.8341,11947.8101,4423.9427,558.5078,130.4211,42.3735,2
10180,10001682,超快速懶人窈窕輕食 脆片冰磚,245.7943,41.3251,4.5033,5.9039,5.0816,0.5086,44.99100000000001,1.202,330.3721,209.3251,72.5561,23.1057,10.5898,0.2543,52.1332,650.5144,0.08900000000000001,4.4637,7.6488,5045.1367,519.5022,88.9638,1754.7258,6.2305,2
10181,10001730,15分鐘上桌 泡菜起司炒烏龍麵,148.0952,70.7249,4.7464,7.1403,2.8724,0.987,16.4954,1.0091,594.5893,1374.1335,747.2594,210.6783,15.7497,2.8983,224.9965,72.1638,0.1297,11.9602,9.8481,2872.4197,3085.9240000000004,1157.4965,4522.0057,11.7364,2
10182,10001983,中秋烤肉醬 簡單沙嗲醬   雞肉串,479.8042,12.3998,14.4082,31.8935,3.8118,4.2167,37.0818,8.9793,885.7085,728.9565,226.0833,150.7702,14.102,2.3025,310.9253,74.8044,24.4091,39.8762,0.0,3811.79,6728.5653,12143.7409,5632.9505,8.9918,2
10183,10002537,厚生廚房 龍鬚菜炒肉絲,328.2513,27.7285,8.9147,12.5833,4.9952,3.0449,47.7288,7.4185,240.9167,326.6813,591.5588,72.1237,20.44,1.3418,71.7535,38.0876,0.7909,18.9328,0.3694,4995.1759999999995,5531.7836,2039.6231,13188.8313,21.6497,2
10184,10002578,浅漬  昆布風味小黃瓜,145.5918,41.9305,14.6765,0.4979,0.0967,16.492,26.4031,21.7674,5053.9039,270.0555,601.878,333.7845,17.9803,3.6084,231.1661,2521.7092,0.6868,27.0135,4.2075,96.7058,30.8744,369.9646,11315.5625,0.0,2
10185,10003205,影音 酥炸蟹肉棒(蟳味棒蟹柳),245.3967,35.0867,6.3683,0.7733,0.125,4.8367,52.9367,17.535,277.0367,101.2667,386.38,296.8183,35.7633,1.6417,222.5983,52.2767,1.06,41.02,0.7333,124.5517,202.8767,445.2117,5390.9883,36.1433,2
10186,10003692,宛 涼夏好食光  韓式泡菜涮豬肉烏龍涼麵,241.703,60.5842,7.8256,16.9709,7.8439,0.8622,13.9711,1.1873,399.0581,1053.2231,582.8589,170.8619,12.8274,2.8452,183.2175,93.059,1.3173,16.7109,3.0084,7843.8738,7348.2416,1648.9434,7022.606,24.9225,2
10187,10003723,乾煎秋葵,137.8042,63.4075,2.6142,0.4258,0.0525,2.3033,31.25,11.2667,46.28,174.4033,202.4983,167.6783,18.235,0.7042,64.535,1530.485,0.4733,16.4025,7.93,52.4983,91.9775,208.855,1068.7833,0.0,2
10188,10003924,泰泰風香蘭葉的運用,312.4458,7.6292,24.3625,7.4958,1.5042,12.8542,47.6625,25.0417,27.9083,2404.1292,3073.4208,662.8792,53.2792,4.6208,260.2417,27139.7125,15.4375,197.0583,141.4875,1504.75,1498.2292,4491.9167,20586.1875,0.0,2
10189,10004134,15分鐘快速上菜之清蒸檸檬龍蝦,166.9905,50.0118,16.1705,2.8455,0.8152,1.0703,26.7898,9.0295,153.7181,465.2819,296.6723,62.3562,15.0604,1.4979,190.5387,2155.2557,2.4201,4.6019,17.1613,19.8773,23.5794,35.7493,12347.9253,53.5892,2
10190,10004423,DIY粉紅(紅麴)米粉湯,267.9654,27.4144,8.1682,0.8148,0.3551,3.0426,60.5599,10.5504,103.9792,72.7922,855.1044,95.9375,29.4295,1.4008,82.2033,18.2874,0.7120000000000001,27.6931,0.7237,355.0728,191.3896,168.8585,15037.5048,13.1431,2
10191,10004457,echo 不甜膩巧克力片,455.5085,0.4926,9.1008,17.984,11.5349,1.1871,66.5586,7.5102,450.5912,497.1258,84.8985,133.9308,21.8465,1.5438,157.4654,1113.136,3.1058,12.7757,12.9231,11473.3462,5620.4017,641.0443,3310.8823,0.0,2
10192,10004519,Kitty喵-拉拉熊蔥油餅,265.5016,37.1005,12.1904,7.7134,3.042,3.9771,39.0186,7.2209,694.4767,649.1535,147.2681,83.7486,11.5472,1.3665,172.4245,268.4833,5.0916,83.8857,0.0294,3042.0201,2112.7758,1834.3944,11607.8898,11.8533,2
10193,10005040,弁当-190315-清炒龍鬚菜,107.3216,9.8678,3.6129,0.2026,0.1215,1.9488,24.6561,5.2017,135.5121,186.167,413.3749,47.5002,14.2022,0.6538,26.5262,2.6305,0.41700000000000004,11.8917,0.1511,121.5067,24.4847,56.5219,6717.9851,0.0,2
10194,10005302,七彩葡萄玉米脆片酥,420.9431,8.6744,5.7699,15.1131,10.0696,1.018,67.0024,4.3033,296.6494,332.57,51.626000000000005,65.1009,11.2072,0.7671,89.6109,778.4816,1.5566,8.1833,6.7974,10037.7503,4316.2965,615.9418,2367.7929999999997,18.8083,2
10195,10005990,三色麻醬烏龍麵,192.3991,57.3905,4.5483,5.5765,1.1553,0.6467,31.8379,1.5408,294.2176,937.4188,556.9939,162.792,12.3147,2.2179,183.7536,260.7805,1.9956,26.2224,12.7286,1155.2618,1965.8278,2417.1588,4243.4682,56.3739,2
10196,10006417,小吃豬血糕佐花生粉,234.2287,44.5691,10.8751,5.3641,0.2478,2.3105,36.8812,1.46,611.3996,222.1063,31.9009,51.8644,10.8363,1.268,127.9162,95.4518,0.1216,14.6476,0.4228,247.8093,313.3577,148.9038,6986.9072,17.7184,2
10197,10006908,中秋烤肉醬DIY 5  南洋沙嗲醬,467.4365,11.6129,14.825999999999999,30.0589,3.5625,4.7323,38.7698,13.6854,768.9008,934.1592,257.3111,175.4418,17.8908,2.4869,333.9054,675.3438,23.2977,49.8208,0.8423,3562.4663,7060.18,11643.7209,6907.1148,7.6085,2
10198,10007215,心型巧克力麵塊,371.0897,0.1258,8.3621,2.7466,1.2076,0.535,81.475,3.3182,856.0167,163.0622,77.3967,37.8944,25.7844,0.0756,11.6556,1592.4561,1.3561,7.9243,18.6667,1118.7517,987.7602,281.8404,1090.8264,0.0,2
10199,10007478,日式小菜-龍鬚菜,294.1427,18.5159,14.5471,0.8874,0.4777,4.5539,61.4956,12.7407,413.3673,168.3289,1040.6735,125.4114,36.6444,1.8017,119.4712,7.4127,0.9428,30.0331,0.0,477.6813,144.5196,265.1836,22179.846,16.1531,2
10200,10007576,日式炒烏龍麵 - 深夜食堂,112.4725,77.1795,4.7133,5.531000000000001,2.0868,0.9456,11.6306,1.5463,498.4381,1032.2459,517.8669,153.1805,11.0302,2.1108,153.4079,1456.2493,0.6552,40.883,11.8913,2086.7609,2340.5242,1072.2776,3938.8977,9.1948,2
10201,10007643,日式海鮮烏龍麵,70.4208,81.85300000000001,2.5481,0.2386,0.0518,0.6505,14.7097,1.0884,481.959,1181.3613,661.9407,186.9288,14.0098,2.3801,175.5663,190.8068,0.2867,5.8195,8.1788,51.7703,27.609,88.6011,2152.801,10.2475,2
10202,10007644,日式烏龍沾麵,128.27,65.2919,7.977,2.2259,0.7667,4.7063,19.7989,1.5235,2147.5416,1442.4439,742.9358,219.7507,16.486,3.1233,261.9556,1147.4427,0.6093,59.5911,1.6912,766.6482,877.7478,574.116,8214.8569,81.8778,2
10203,10007683,日式清湯烏龍麵,194.1132,55.3544,24.2337,4.289,1.3183,1.9749,14.1481,0.6851,549.9496,1694.9199,737.0193,239.9289,19.6388,3.5433,404.3902,116.7394,2.0124,36.37,0.6434,1318.3277,1154.6163,1814.2937,23852.4861,102.2285,2
10204,10007853,月桂葉清蒸雞腿肉,245.8147,43.3535,11.9398,13.5421,3.9986,1.8348,26.3564,9.1228,324.7043,713.1060000000001,304.4242,54.4027,16.2763,1.2962,99.0411,2253.2404,2.0402,10.2594,18.2259,3191.6309,5219.582,2334.2838,9438.1474,61.126999999999995,2
10205,10008310,牛肉炒烏龍(旅行料理),206.2192,62.7622,6.9311,13.2183,6.8122,2.6893,14.5954,0.9253,897.0382,2008.1267,785.4212,224.0079,17.0847,3.4273,207.9861,729.6924,0.4609,30.1388,2.7086,6812.149,5945.1044,344.3219,6330.3599,22.86,2
10206,10008761,古早味豬血湯,31.61,90.2233,4.3873,0.3809,0.1067,2.1674,2.8411,1.0485,504.4674,338.0661,35.1346,14.1121,16.2766,0.2803,55.6346,139.0784,0.1824,6.3172,4.6579,106.7416,71.1974,122.787,2532.1038,29.5996,2
10207,10009621,巧克力玉米脆片,549.0914,0.9608,10.1465,34.6888,22.398000000000003,2.3148,49.9892,11.5098,186.1027,809.7952,85.75200000000001,224.115,15.1458,3.0105,307.0575,473.9152,6.0562,18.0724,5.25,22373.025,10959.7834,1250.0365,6456.2205,0.0,2
10208,10009622,巧克力玉米脆片-雀巢玉米脆片,522.4167,2.065,15.1874,33.2316,12.8862,2.151,45.13399999999999,8.59,222.3224,647.1864,144.3751,215.894,13.6042,2.6297,311.8266,538.5728,9.5356,27.6266,6.1644,12856.8847,15706.4747,4530.0913,10588.6968,0.0,2
10209,10009701,巧克力乳酪夾心脆片 雀巢玉米脆片,423.0419,4.2759,8.9665,14.1262,9.2487,1.2119,67.1014,4.3326,541.6944,376.4763,138.64700000000002,83.5664,18.7458,1.0877,151.9259,1103.2013,1.8562,10.8891,12.1223,9191.8768,4254.2698,442.9632,4185.0557,6.6715,2
10210,10009751,巧克力脆片新手不敗甜點,521.6938,1.8939,14.4566,32.6552,13.6707,2.121,46.5585,8.8,229.6677,654.7184,136.4001,212.8305,14.1232,2.6133,304.2537,559.4219,8.927999999999999,26.088,6.3959,13640.2759,14816.685,4057.8891,9883.6527,0.0,2
10211,10009822,巧克力棉花糖,411.4926,0.3414,8.5913,10.1446,6.4374,0.6583,74.3141,5.6204,571.9168,349.7538,84.1737,91.4609,24.8778,0.8556,87.291,1406.1082,1.7213,10.2916,16.4416,6359.1218,3114.8868,355.7755,1848.4284,0.0,2
10212,10010124,玉米起司可樂餅球 雀巢玉米脆片,268.4778,34.0619,8.8467,6.5208,4.4284,1.4779,45.4294,2.2705,722.1473,245.7491,162.4735,31.1745,14.404000000000002,0.8342,111.1772,1134.0799,0.4159,12.1014,15.3924,4380.1849,1569.5831,247.1487,4831.595,38.7724,2
10213,10010523,白醬 (Crem Suce),418.6815,10.845999999999998,13.362,22.8107,14.5445,1.9696,48.3936,8.8509,122.2358,589.8503,586.6581,75.7951,14.4648,1.1449,247.7991,3130.5367,0.6703,14.5334,23.0314,13786.3072,5448.5986,724.1184,11157.1258,58.8842,2
10214,10011418,早餐熱壓吐司系列2 滑順巧克力,411.0335,18.2218,7.0207,21.1755,14.091,0.6177,50.3217,2.4427,445.7589,106.7044,43.2937,25.7861,10.734000000000002,0.3999,47.905,1303.6827,1.2437,42.3957,7.3338,14056.2109,5646.2136,1002.0826,4455.5738,47.927,2
10215,10011471,百里香的栽培及運用 附 實作影片,411.4873,9.0782,19.5364,25.8073,1.4727,8.58,36.9982,36.6109,240.9364,1946.5309,794.8673,410.8945,41.0673,5.3418,536.9527,165.7091,8.3691,131.5382,0.0,1473.6255,16034.3855,8299.7891,16588.7218,0.0,2
10216,10011538,百香果龍鬚菜 超爽口,266.4809,30.0497,8.2716,3.4443,0.6312,3.222,55.0124,12.0722,118.8225,113.0087,895.8192,104.9691,30.8297,1.5436,66.6436,340.9322,1.8730000000000002,21.2575,6.6494,631.1886,627.5336,1686.8765,14628.8052,1.334,2
10217,10012054,自製花椒粉,368.885,9.674,9.98,9.2,1.933,7.9395,63.2065,47.4755,565.42,1367.61,1319.72,177.76,22.7,1.719,194.56,832.55,8.76,70.1715,0.0,1932.8005,3483.6535,3783.4629999999997,7047.39,0.0,2
10218,10012055,自製金莎巧克力,478.1521,3.5475,9.077,24.0137,15.5421,1.4880000000000002,58.4059,8.3555,350.7516,572.173,84.478,155.0117,18.8108,1.9322,198.1414,919.7859,3.8967,13.8446,10.0189,15494.4462,7454.3895,853.5234,4204.8531,6.0374,2
10219,10012785,孜然龍鬚,329.3725,32.2409,11.8397,16.7846,5.8772,4.1005,35.0343,8.2947,442.3648,621.2064,553.6287,87.0956,20.0589,1.7386,116.9895,45.9631,2.1031,22.0775,0.2851,5877.1985,7474.8082,3402.5302,15292.6505,29.2847,2
10220,10012870,快速料理日式胡麻涼麵,204.0875,55.9204,5.9144,7.4977,1.2639,2.1288,28.5389,2.7619,1017.6748,1788.9515,1053.6019999999999,312.2386,23.1415,3.9356,310.8591,412.0566,2.8024,43.239,1.0988,1263.8747,2452.6667,3779.9839,5441.4945,0.0,2
10221,10013279,沙茶豬血湯,41.8292,88.1604,3.7886,1.8484,0.3874,3.3968,2.8058,1.365,984.0071,304.0386,39.6138,10.3744,13.212,0.3357,51.7479,547.2026,1.1844,21.4027,5.0097,387.4595,422.726,1037.8211,2128.1258,23.0539,2
10222,10014271,味增湯,164.248,51.2692,14.7846,2.1508,0.6772,6.2601,25.5355,11.7678,1022.3209,1214.9159,193.2533,156.6135,21.6562,2.0601,244.0227,173.2189,2.5789999999999997,156.197,2.5146,677.1899,185.1855,1281.4281,13489.6673,0.0,2
10223,10014293,和孩子一起做脆片餅乾 雀巢玉米脆片,264.7752,5.9783,3.45,2.2625,0.384,0.0288,60.1144,1.5068,304.3938,75.0369,37.2277,18.6862,12.0558,0.0299,0.0,775.8157,0.6212,3.0729,9.693,342.2776,1549.047,204.4792,0.0,0.0,2
10224,10014323,和風胡麻醬龍鬚菜沙拉(附沙拉醬做法),301.2968,17.3075,10.0799,1.3319999999999999,0.4425,3.9904,67.2902,13.8114,182.1265,98.5028,1123.7042,128.8243,38.4483,1.7788,79.5402,0.4145,1.1548,29.2871,0.051,442.4292,329.9226,559.6067,18575.9783,0.0,2
10225,10014409,咖哩豆漿烏龍沾麵,88.7247,79.1273,4.4719,1.9126,0.4995,0.7652,13.7231,1.9256,399.8056,1194.2739,627.5014,185.0811,14.6258,2.4661,194.5836,1451.1647,2.0306,24.8354,0.6492,499.4473,708.4227,654.9881,3971.575,40.0424,2
10226,10014439,咖哩烤蝦,159.9374,62.0105,18.9633,2.4982,0.4023,2.7017,14.3771,5.0893,387.5343,446.0399,178.4634,84.9122,11.2542,1.5587,252.7086,25.2653,12.7802,26.9293,0.5363,402.2967,1426.5541,654.4373,16321.8235,136.7683,2
10227,10014608,咖喱豆腐,157.3658,57.3958,9.1057,4.6333,0.7139,9.0544,19.8107,8.196,2302.8826,1631.8495,241.085,96.4865,16.0585,1.2233,180.5476,40.1656,21.9362,48.5168,0.0,713.8301,2333.3193,1585.6065,8532.1162,0.0,2
10228,10014622,咖喱雞塊-新店民權氣炸鍋,224.1436,59.5958,16.5344,12.5557,3.2412,2.0378,10.2491,6.3764,167.8944,505.8404,137.372,68.4527,12.2786,1.9546,201.9368,119.7414,16.901,29.8223,2.3209,3241.202,6230.7547,3089.2728,13988.3608,54.6648,2
10229,10014744,怕菜鴨肉湯 梅乾菜鴨肉湯 -免火快煮鍋,139.5778,52.6932,8.425,6.0233,1.4028,17.9102,14.9482,7.4374,6453.9084,568.1928,215.8512,42.7357,20.985,1.4028,96.9585,4023.3527,2.4855,10.2611,0.6061,1402.8282,2661.0011,1301.8056,7414.9112,29.8059,2
10230,10015535,炒龍鬚菜,122.8332,18.9843,3.4269,3.2617,1.3152,1.8579,21.7242,4.6771,154.6154,212.9305,352.0265,41.4236,12.117,0.6165,34.1872,1060.5191,0.3701,13.3185,0.2748,1315.1717,1375.7485,567.6092,5948.6715,3.3731,2
10231,10016028,虱目魚丸皮蛋香菜湯,222.0213,46.4707,16.2959,9.3808,2.9896,5.9216,21.9311,8.9919,452.7056,999.5165,1057.9595,225.5125,18.0254,1.8235,197.5519,8734.5552,5.7503,74.2572,45.3995,2989.5997,3622.2939,2733.1988,14484.1505,84.5224,2
10232,10018083,紅蔥肉燥拌龍鬚菜 牛頭牌端午好香拌,318.0546,16.0886,14.7664,4.4405,1.3647,5.1749,59.5297,12.8891,363.1463,499.2168,1061.7738,131.35399999999998,36.2187,1.8630000000000002,134.0521,9.8094,1.7819999999999998,33.2395,0.0256,1364.7254,1639.8419,1434.8586,22106.6792,19.6337,2
10233,10018126,紅燒排骨簡易料理,223.5319,48.8026,10.468,10.8725,4.2024,2.1051,25.3293,7.3229999999999995,843.3545,359.0184,246.5731,52.5077,12.53,1.1373,90.4768,1841.4613,0.2987,16.1685,15.8805,3581.9481,3891.6884,1206.3536,7256.2097,28.993000000000002,2
10234,10018428,胡麻秋葵,410.2477,22.6265,41.6776,22.0253,4.3771,3.3080000000000003,10.3628,5.0521,22.2457,682.7309,327.2961,160.8,14.3243,2.8365,530.4521,497.3146,8.346,90.4591,3.3616,4377.071,6985.1569,10641.5389,38540.6718,105.5613,2
10235,10018913,飛碟巧克力脆片球-雀巢玉米脆片,494.1054,0.7465,9.7322,25.0725,15.6716,1.6553,59.2695,9.1063,341.3514,617.2219,84.8653,172.9656,18.9998,2.1482,225.003,847.0831,4.584,16.0854,9.7478,15625.1951,7945.5018,1312.138,4854.1722,0.0,2
10236,10018979,香料烤南瓜,180.7553,52.9185,3.8242,7.2009,1.6680000000000001,0.7649,32.7134,10.2519,7.6572,444.4244,299.1871,55.1298,13.7965,0.2641,32.8523,5740.6963,2.1695,35.5563,22.8233,1008.8539,3289.6646,516.242,1373.0795,0.0,2
10237,10019044,香脆蛋豆腐雀巢玉米脆片,258.0968,33.1286,9.2537,3.6435,1.1393,0.8221,49.0707,1.8925,621.6926,168.4223,59.795,32.273,16.2277,0.4154,373.9944,999.9458,1.2141,15.7233,11.4087,1085.615,1456.654,882.7837,5818.2125,66.7725,2
10238,10019349,香菜水餃,325.0893,23.1748,20.4549,15.8719,5.15,8.9924,31.5062,16.1659,120.6391,1751.4105,1975.0151,432.1995,34.5974,3.4984,210.7542,17423.5777,10.287,128.7429,90.9104,5150.0176,5857.9261,4842.005,17808.8232,22.0574,2
10239,10019362,香菜保存方法,312.445,7.63,24.365,7.495,1.505,12.85,47.66,25.045,27.91,2404.13,3073.42,662.88,53.28,4.62,260.24,27139.715,15.435,197.055,141.485,1504.75,1498.23,4491.92,20586.19,0.0,2
10240,10019434,香酥豬血糕,173.7359,56.1116,7.377999999999999,0.8493,0.3004,1.4062,34.255,1.646,345.1561,118.7177,16.6176,23.9424,11.6853,0.8188,61.1518,9.1478,0.3787,15.6706,0.478,300.3892,368.54,184.7237,7325.1858,19.6303,2
10241,10019500,香煎孜然豬里肌,222.7997,46.0711,14.945,11.6276,2.1242,9.0844,18.465,15.7426,1958.9928,917.7655,324.0192,162.6351,16.4183,2.6172,259.711,584.1773,5.553,53.9396,6.3716,2124.2215,5896.9677,3453.0393,12955.9618,25.9701,2
10242,10020280,夏日小菜同樂會 涼拌佛手菜,112.6783,5.3235,3.034,1.5896,0.3059,1.661,23.0322,4.2346,129.7466,185.5933,319.5376,38.7185,10.9313,0.5418,30.0429,2.2,0.867,7.8962,0.0408,305.9164,425.1942,858.4153,5249.7045,0.5852,2
10243,10020322,夏日清爽上菜涼拌龍鬚菜,251.1917,22.6385,8.8926,1.1341,0.3681,3.5976,55.8006,11.5627,281.1201,116.0763,912.6977,109.59700000000001,31.4811,1.5118,78.8225,0.0,1.006,27.0103,0.5145,368.1051,315.5326,450.3504,15707.5853,0.0,2
10244,10020886,氣炸豬血糕-新店民權氣炸鍋,193.8597,51.2475,8.631,0.9153,0.3257,1.4317,37.7745,0.9139,414.1255,83.4375,8.6415,15.5985,12.8045,0.889,69.2045,0.0,0.051,9.417,0.0,325.715,413.4886,181.3649,8794.392,23.719,2
10245,10020975,氣炸鍋-牛排,287.9333,45.548,11.8623,20.2143,8.7815,1.6233,19.9259,7.0928,238.5936,607.8727,244.7592,46.1579,12.9815,3.6218,94.6105,3290.3035,0.08,8.6596,14.7168,8185.2356,9360.7517,505.7375,11370.611,43.0799,2
10246,10021170,海味櫻花蝦香菜烘蛋  飛利浦智慧萬用鍋,160.59,60.8804,14.2391,6.412000000000001,2.2424,5.1209,13.561,5.0272,834.317,562.3591,701.7935,143.7313,11.5118,1.8139,207.2673,5097.5438,4.1174,79.7947,25.406999999999996,2242.3581,2376.8579999999997,1775.5078,13229.7007,209.4896,2
10247,10021172,海南雞飯,197.0688,24.6457,6.6745,4.4529,1.0876,0.5048,37.5571,6.7449,66.3269,281.9112,208.74900000000002,40.2804,10.7891,0.6997,45.5814,1518.1615,0.45,6.6252,12.6766,530.9741,1487.3014,468.2037,3594.9163,14.6424,2
10248,10021297,海鮮豆腐烏龍麵,123.3371,68.6265,7.0015,1.8887,0.8143,2.9133,19.6402,1.4193,1154.2432,1008.3239,540.3931,156.3044,11.5488,2.2336,186.3004,496.3202,0.9662,15.3463,3.5404,814.3439,543.8430000000001,527.9524,6577.9559,52.1175,2
10249,10021332,海鹽烤鮭魚 家常菜氣炸鍋15分鐘搞定,178.2853,19.1432,6.7053,1.7421,0.7253,39.4021,33.2926,11.0747,12764.3979,207.0316,222.8095,215.3842,24.2453,0.5926,88.9442,75.0926,0.4547,24.3463,1.1463,725.8758,488.0568,528.1021,6463.0811,11.1158,2
10250,10021375,烏龍冷麵 淬釀日式下午茶點,107.2285,72.3344,6.0648,4.0439,1.6905,1.0578,11.9084,0.8728,516.5522,987.2426,481.98199999999997,146.912,11.0548,2.5875,171.6028,294.367,0.6325,22.1799,4.3015,1690.4878,1821.8551,503.3697,5723.8627,41.2333,2
10251,10021528,烤海苔,294.7526,9.8254,32.0845,7.2767,1.4713,13.0661,37.7474,25.4132,1986.8624,2476.0683,298.7946,323.798,35.9917,3.2048,572.1277,12023.112,4.4058,570.0278,0.0118,1471.3477,1849.8731,3917.0983,30087.0367,0.0,2
10252,10021713,秘滷豬心,194.4341,45.2704,6.1,3.3466,0.9801,3.9596,39.2167,11.8219,1510.6065,400.6489,248.0785,63.1019,12.4779,0.4364,65.8055,1655.9424,0.9557,28.0798,11.2983,441.7405,511.1485,523.8126,3445.6029,5.3536,2
10253,10021736,納豆烏龍麵,167.7027,61.5447,5.4532,9.3397,1.7669,0.6279,16.3254,1.3522,549.2025,1404.4495,763.0018,222.9921,16.8894,2.6861,192.4864,123.0948,4.4242,14.1861,3.5163,1578.1624,3111.9578,3344.7859,3140.3934,48.6491,2
10254,10022320,起士牛肉咖哩烏龍麵,162.9935,63.8505,5.4371,4.7547,3.2641,1.3133,24.6444,1.0425,1049.8353,2222.6874,1364.6531,361.163,27.2721,4.7783,350.9558,187.2322,0.3324,7.3717,0.0434,3264.0855,1194.257,275.9801,5637.9961,13.2198,2
10255,10022393,起司玉米脆片 雀巢玉米脆片,342.1065,19.4621,15.5195,10.1306,6.9692,1.5203,49.1012,1.8525,649.7436,127.2818,459.6267,34.3023,16.2586,1.7063,229.7685,1331.4718,0.3158,18.254,11.7887,6913.0829,2671.9616,316.2015,11341.7598,33.3799,2
10256,10022902,馬鈴薯樂園,140.5085,66.0512,4.9605,2.8212,0.2769,2.2238,23.9434,8.1166,85.2762,668.9401,162.709,76.4478,12.1532,1.4622,108.3874,671.461,15.1246,29.273000000000003,26.2105,276.8697,1604.6618,765.2718,4163.1617,0.0,2
10257,10022974,馬鈴薯燉肉烏龍麵,88.1275,76.2066,2.3432,0.2161,0.0469,1.8444,19.3898,1.589,738.3141,1429.0956,620.6662,180.295,13.2872,2.3096,159.195,7716.5467,0.1827,12.5871,5.6176,46.8362,32.0993,87.1957,1746.5199,0.0,2
10258,10023351,健康零負擔氣炸鍋偽炸雞,295.2734,27.9265,12.4753,5.6923,0.7968,1.9117,49.7977,4.69,245.7914,303.5146,67.3607,71.4012,11.5606,1.0458,118.4494,770.5724,2.8099,51.1564,6.8908,767.8459,1001.0238,612.0267,10167.2157,80.8902,2
10259,10023849,梅乾菜燉鴨,176.5323,56.2104,10.4798,10.899000000000001,2.5685,10.5305,11.8803,4.9046,3630.3407,439.1564,131.5602,40.2985,13.8382,1.2494,116.1638,2284.3058,2.3324,16.7768,1.0168,2568.5421,4911.1635,3032.0229,9357.5353,49.1085,2
10260,10023882,涼拌小菜 韓式(辣)涼拌豆芽(食譜),519.0667,5.1446,10.3615,41.268,7.2451,10.6341,32.6554,22.7129,1604.0266,2552.4375,50.9789,115.6071,20.4293,0.9205,210.25799999999998,4170.9627,34.6954,43.9204,6.0031,7245.1898,13880.5394,20109.4213,6083.3589,0.0,2
10261,10024005,涼拌時蔬,196.649,47.8619,6.3602,2.8386,0.5592,3.3164,39.623000000000005,8.0439,299.6465,379.5843,582.4608,70.8886,20.1441,1.0823,63.5883,8.4391,1.6196,25.069000000000003,1.5809,559.1803,824.0719,1439.4057,10059.6588,0.0,2
10262,10024060,涼拌蕃茄龍鬚菜,290.3926,31.1586,10.4234,8.8216,2.9211,3.8204,45.7761,9.4969,288.1075,421.7377,752.5188,90.6335,26.4868,1.3452,87.6308,2582.221,2.2217,21.0409,9.5627,2921.1118,3141.2201,2706.4926,15660.0346,19.101,2
10263,10024063,涼拌龍鬚菜,343.1014,14.9739,11.004000000000001,7.75,1.0068,3.7375,62.5345,12.7892,163.6981,153.1863,1021.9306,131.268,35.2583,1.8998,101.2632,9.4644,3.0262,26.7619,0.0,1006.8092,1156.0564,3104.3508,16564.9706,2.5176,2
10264,10024064,涼拌龍鬚菜,373.8894,12.227,14.7259,12.200999999999999,0.6669,3.5937,57.2523,11.3739,120.19,314.7988,851.5748,158.2996,29.951,2.3537,183.2756,5.7377,1.9904,29.1407,0.0,666.8686,709.5117,1906.2676,13425.7211,1.5263,2
10265,10024065,涼拌龍鬚菜,275.0289,24.0401,10.1226,1.6511,0.6018,4.7112,59.475,12.0502,499.9052,322.1825,982.5962,115.4619,33.8145,1.6647,89.2423,48.2081,1.0803,31.6805,0.0595,601.808,559.474,488.836,17596.1914,33.8984,2
10266,10024066,涼拌龍鬚菜,346.9225,13.6817,20.1793,9.7596,1.9893,8.308,48.0724,9.9311,1061.5548,1551.2991,818.5830000000001,114.5112,30.1475,1.7664,186.4271,34.8159,3.9096,31.6489,0.0104,1989.2754,4034.4179999999997,3735.0901,25437.0997,42.2675,2
10267,10024067,涼拌龍鬚菜,289.8701,24.0249,9.2849,3.4669,0.7974,3.4092,59.8141,12.1413,113.2018,97.9543,966.2141,109.0649,33.2013,1.5824,69.4412,0.0,1.2531,25.4947,0.055,797.3764,792.9634,1864.0482,16658.0459,0.0,2
10268,10024068,涼拌龍鬚菜,261.8896,28.8616,10.0811,1.8589,0.7025,3.9461,55.2522,11.2771,483.7165,136.793,886.5611,105.7083,30.6079,1.585,92.741,95.2853,1.8906,34.649,0.0842,702.5264,666.1193,488.7506,16734.7942,52.4865,2
10269,10024069,涼拌龍鬚菜,357.8169,14.6537,19.1809,11.2422,2.1369,6.3935,48.5297,10.0298,748.1167,1017.0517,806.9527,117.3117,29.7082,1.8093,185.0311,32.3436,5.5283,32.088,0.0206,2136.8155,2799.2856,6305.460999999999,24352.7203,39.9042,2
10270,10024070,涼拌龍鬚菜沙拉,214.0497,15.6843,9.1274,5.6982,0.1375,2.8387,35.2825,7.1363,168.3809,376.4961,524.8824,97.8872,18.4378,1.4682,114.7034,0.0,0.4097,18.6729,0.0459,137.5349,21.0768,59.0813,8348.4987,0.0,2
10271,10024073,涼拌韓式海苔黃豆芽,259.6292,14.9074,27.2852,0.8927,0.4688,10.589,46.3256,28.112,935.1005,2670.6137,331.7981,352.0766,54.3739,3.6145,463.6364,316.7115,2.1229,346.5997,0.2447,468.8494,74.6223,331.9477,24112.289,0.0,2
10272,10024099,涼拌鹽酥豆包,276.1894,38.4669,22.6177,14.0125,2.2995,6.0595,18.8433,9.4055,216.1662,1055.6421,1104.9966,287.638,21.509,2.8125,311.4305,9483.4056,13.1599,98.2701,49.3256,2299.5109,3504.4555,8208.3864,23774.882,0.0,2
10273,10024976,蛋酥紫菜湯,195.7709,41.3543,19.7546,4.5444,1.6504,9.617,24.7297,14.4108,1261.6636,2446.4801,201.0902,187.6046,28.9866,2.4696,326.9775,401.2172,1.9003,208.0263,0.287,1650.3566,1866.9565,1013.5148,18283.4289,178.9003,2
10274,10025224,雪花巧克力脆片 超簡單零失敗,450.1988,3.4201,7.0308,16.9866,10.915999999999999,1.1813,68.6235,6.5946,272.8583,450.02099999999996,63.8872,121.913,14.5754,1.5808,153.3007,664.6189999999999,2.9516,12.1006,7.6625,10879.6657,5347.1121,611.8553,3229.2823,0.0,2
10275,10025246,雪棉玉米酥 雀巢玉米脆片,377.6167,7.2882,4.128,5.5007,3.7217,0.4143,79.6264,2.4062,404.5198,88.9763,53.5302,18.4558,12.2134,0.0405,7.534,862.6455,0.1564,4.9108,8.4067,3681.6661,1358.9795,289.8235,761.6817,13.2296,2
10276,10025427,麻油紫菜酥,398.3791,9.1101,21.1516,23.2736,4.1273,11.1909,35.3127,21.3933,1300.5791,2860.0486,259.2438,278.4709,41.1222,2.8368,375.0638,214.0494,15.1142,260.2046,0.0225,4127.3441,8736.4709,10376.4255,18787.8127,0.0,2
10277,10025464,麻油鴨血糕,224.3337,49.3391,7.2972,6.6536,1.2644,3.7596,32.9616,0.7549,829.2086,761.7469,14.8502,15.4717,10.6913,0.7766,62.1549,0.0,3.6821,7.912999999999999,0.0,1264.387,2607.0622,2780.6214,7263.8046,19.5909,2
10278,10025834,棉花糖玉米脆餅 雀巢玉米脆片,404.967,9.1482,5.024,13.0275,8.9265,0.0361,69.2565,1.5231,343.6918,81.76,42.1868,18.5433,13.3965,0.0494,5.8529,1286.9554,0.4055,6.4866,9.6923,8880.3324,3273.7922,458.9656,1330.5462,31.2971,2
10279,10025871,椒麻辣油,635.161,1.6465,3.8828,58.2799,22.6346,2.0348,31.6943,15.2248,242.1439,737.0972,256.6324,60.5801,15.4672,0.2064,43.1677,2535.7748,3.217,11.8181,13.6211,22005.3281,24454.5802,9635.2798,1278.587,60.6949,2
10280,10025928,減脂便當- 無油鮭魚 味噌烏龍麵,116.5308,56.9948,8.4701,1.9334,0.9144,0.8921,15.8606,0.7379,598.9079,1579.2551,837.4039,245.0678,17.8637,3.1816,255.8404,67.1999,0.4564,11.1009,0.7305,914.3519,498.9738,520.0695,8405.3347,14.2703,2
10281,10026049,無水料理炒烏龍麵   0水鍋,131.4176,74.8963,4.5293,6.6907,2.5727,0.5324,13.3514,1.044,373.7768,1153.2701,618.3504,176.3798,13.1812,2.487,171.5885,1373.9669,0.2854,5.8493,6.0277,2572.6796,2939.7431,1112.4074,4082.9608,13.6049,2
10282,10026667,紫菜蛋花湯,197.2546,43.6645,17.0896,5.2461,1.4321,7.8195,26.1804,14.7311,906.4578,2001.3772,187.5613,186.9569,28.2592,2.2463,285.1348,296.1249,2.9615,199.2971,0.7745,1432.0831,1852.6108,1950.6162,15356.8884,100.0058,2
10283,10027545,酥炸米血-建國店氣炸鍋,199.5707,49.6823,8.4425,0.9209,0.3192,1.6037,39.3507,1.8904,402.8068,84.7072,24.4587,30.4991,14.3632,0.8849,69.89699999999999,2.9101,0.069,10.8565,0.0423,319.245,408.19800000000004,198.488,8579.4673,22.8067,2
10284,10027885,黑木耳辣炒龍鬚菜柯媽媽 植物燕窩,303.2531,16.7641,10.2812,1.4077,0.4769,3.9702,67.5769,14.2796,122.584,98.0009,1150.2582,128.8962,39.4257,1.7924,75.1332,145.0083,1.5478,27.4371,2.4607,476.8761,259.8224,670.183,19076.6393,0.2363,2
10285,10028210,愛意小便當 鮮蔬佐胡椒炒烏龍麵,100.4625,75.0972,4.0929,1.195,0.2383,1.1145,18.5003,1.9126,698.0060000000001,1549.0656,917.5315,249.5178,18.8537,3.1385,225.16,2743.0902,0.7473,15.2246,17.6484,238.2765,224.5215,724.1572,3771.5109,0.0623,2
10286,10028292,新疆風味孜然烤肉醬,309.188,27.8454,10.7236,14.5141,1.2983,10.5921,36.3246,19.2902,1288.4195,2617.0556,361.8695,230.5506,22.4237,2.6027,299.3689,571.6663,6.4156,64.9239,0.8174,1298.2755,7682.2355,5532.4418,8793.6985,0.0,2
10287,10028860,經典香港大排檔靚粥   豬紅粥,168.407,52.0167,25.4794,0.8162,0.3135,4.2787,17.4089,0.1767,1186.6755,398.1004,26.549,64.393,12.5322,2.3533,310.6694,5.0723,0.9706,16.3788,0.0592,313.4901,136.6827,358.9349,22131.4141,72.4159,2
10288,10029024,萬用巧克力筆 VICI的懶人廚房,357.0,0.0,8.0,0.4,0.1,0.0,84.0,3.3,729.0,168.0,84.0,39.0,28.9,0.0,0.0,1786.0,0.0,7.2,21.0,0.0,0.0,0.0,0.0,0.0,2
10289,10029227,達菲熊造型吐司 雀巢玉米脆片,274.9648,30.3592,10.3581,4.3297,1.7087,0.7732,50.7688,2.6923,483.6035,186.7458,61.0093,33.5091,14.1164,0.6259,93.1824,1550.0,0.9448,63.9406,9.6203,1663.8729,1674.9841,806.8115,7043.4164,112.2246,2
10290,10029566,壽喜燒烏龍拌麵,130.2303,71.9097,7.0619,4.0703,1.5462,1.107,16.0425,1.0539,545.1229,1066.9709,512.66,153.213,11.3628,2.5751,171.6131,34.2652,0.6748,12.0845,1.4647,1546.214,1609.631,868.8345,6557.634,18.9188,2
10291,10029994,蒜炒龍鬚菜,279.4062,20.7372,9.7576,0.4764,0.3042,4.9647,64.064,13.270999999999999,345.2008,478.7978,1051.7494,118.8704,36.043,1.6912,79.612,0.0,0.8218,29.1846,0.8725,304.1878,46.3854,125.6776,17549.1315,0.0,2
10292,10030057,蒜香龍鬚菜,309.5797,18.8284,12.6722,3.5234,1.3195,3.8893,61.0867,11.241,351.4243,134.7759,903.3689,105.6393,30.9543,1.6203,99.9018,8.7491,1.8148,26.3693,0.8575,1319.5372,1579.8286,624.3137,20517.6402,15.4861,2
10293,10030285,蜜糖金磚,396.6097,14.0256,7.1189,16.5779,4.664,0.6797,57.8936,2.8249,402.7033,223.9634,65.8278,62.1899,14.7242,0.5656,87.0005,982.308,8.5939,16.8481,13.4349,4615.234,5147.4557,6593.1805,2851.8299,10.0755,2
10294,10030746,墨西哥起司玉米脆片,340.0591,16.7349,11.6618,8.666,6.2792,1.7542,56.28,2.129,1036.0302,133.3777,269.1315,34.1011,18.999000000000002,0.9845,153.1166,1532.2639,0.319,8.24,13.6405,6214.6754,1969.1227,182.0303,7097.0565,27.5651,2
10295,10031025,蔥花杏鮑菇烏龍麵,233.6742,61.4563,3.8903,18.1861,9.2191,1.7548,14.7141,1.0589,957.5037,1274.6449,692.3219,200.3459,14.9356,2.6755,193.8443,418.4728,1.6909999999999998,20.965999999999998,0.6209,9219.0936,7624.3467,1319.1057,3469.7811,74.7205,2
10296,10031031,蔥花培根炒飯,227.3087,55.883,7.4424,13.4797,4.649,2.6436,20.7182,10.3985,208.46599999999998,676.5701,108.0824,98.0507,12.8612,1.4549,169.5899,1364.6281,4.5585,41.5848,22.503,4648.8684,5462.1815,3341.6946,6558.7982,17.2881,2
10297,10031385,蝦球金瓜龍鬚菜 Miele蒸爐,170.2891,53.9008,13.0491,0.5404,0.2538,2.1107,30.3989,6.1459,102.8891,124.92299999999999,479.5644,61.2143,16.4985,1.4367,131.1002,457.8711,0.9332,21.718000000000004,2.977,253.7651,121.0613,165.5723,16086.7591,61.8284,2
10298,10031390,蝦頭味增湯麵,77.9981,77.4748,3.9541,0.4979,0.1335,3.1621,14.9111,1.8103,1092.6858,981.3809,574.3549,162.0787,11.1963,2.0054,168.4226,124.0514,0.4011,12.4186,3.5843,133.5183,61.8167,250.6397,3551.0402,20.1995,2
10299,10031501,豬血糕,279.5955,37.838,14.2374,10.1991,0.2179,2.5359,35.1896,2.1288,544.9445,355.9,55.5811,89.0243,10.625,1.7731,194.4266,153.8097,0.1203,19.4568,0.8018,217.9491,274.3469,142.0672,6203.0855,15.2503,2
10300,10032355,餐桌上的人妻料理一鍋到底 清爽龍鬚菜,154.8882,13.9593,5.2162,0.281,0.1647,2.9197,35.607,7.4792,215.3875,290.0951,606.2544,68.2329,20.7214,0.9393,39.1502,2.1124,0.4541,14.067,0.6971,164.64700000000002,25.2317,70.7279,9860.1015,0.0,2
10301,10032385,鴨血湯,179.2852,59.2194,9.6163,11.1114,4.2768,9.2607,11.3669,4.4877,2789.1259,777.3446,119.3961,44.6484,11.1246,1.3833,133.8861,1650.2298,3.5010000000000003,21.1038,1.6761,4276.8271,4773.3006,1804.6658,8790.4856,22.4886,2
10302,10032413,龍鬚菜,293.6181,18.334,14.7217,0.6734,0.35600000000000004,4.7838,61.54600000000001,12.8754,406.6464,154.4141,1151.5797,140.9623,36.3445,1.6729,129.5842,5.5759,0.903,25.1186,0.0917,355.9427,105.9144,206.0655,21784.188,63.3053,2
10303,10032414,龍鬚菜沙拉,330.2758,15.1075,10.9371,5.1053,1.2241,3.9492,64.9009,12.9175,253.1079,94.62799999999999,1061.6823,119.2621,36.3746,1.7238,79.0386,10.1574,2.8363,25.2624,0.0,1224.0658,1441.6752,2439.6276,19471.1009,7.9146,2
10304,10032415,龍鬚菜炒肉絲,302.2322,15.712,10.274000000000001,0.5133,0.3243,4.0089,69.4918,14.5592,106.515,89.296,1187.3885,131.7625,40.708,1.8205,72.9275,0.0,0.8945,27.5771,0.0,324.2978,49.6977,139.3096,19421.0,0.0,2
10305,10032416,龍鬚菜煎餅,294.0287,34.4548,12.7987,9.7011,4.5932,2.7165,40.3297,5.3641,294.3535,117.9158,558.6095,57.8256,13.8313,1.8777,181.8199,275.3651,1.3694,31.5353,1.8624,4593.1447,4133.3918,916.8579,16170.1219,73.4931,2
10306,10032418,龍鬚鮭魚沙拉  自然好油x茶籽堂,146.3516,9.592,4.5779,4.4574,0.8859999999999999,1.5173,23.7419,4.8157,78.7944,71.0341,395.1111,45.3374,13.2909,0.6937,39.8385,22.8787,1.334,10.1933,0.3422,885.9435,2721.3055,846.5955,7527.7293,3.3295,2
10307,10032611,糙米麩營養脆片  雀巢玉米脆片,374.9639,3.5853,7.8917,2.1537,0.4243,0.8659,82.4633,3.0376,295.7685,266.7096,43.7028,70.4893,12.7063,1.5471,162.4464,714.4,1.0149,35.5532,10.71,384.3233,713.0611,896.3556,4859.3823,0.0,2
10308,10032761,薑絲炒龍鬚菜,155.1561,15.9544,5.1565,0.2865,0.1719,2.76,35.3541,7.3569,191.7238,263.9864,584.6641,67.5863,20.0922,0.9359,38.3117,3.7204,0.5897,16.8574,0.2137,171.8509,34.6295,79.9408,9501.4677,0.0,2
10309,10032793,薑黃南瓜咖哩雞烏龍,104.6149,76.3043,2.8633,3.0726,2.0927,0.8853,16.9259,1.6342,382.6347,1171.3446,540.107,157.9966,11.585,2.0289,150.9442,3077.1152,0.4001,20.6722,5.0626,2092.6368,747.5281,208.363,2517.3913,9.7129,2
10310,10032849,薑爆龍鬚菜,265.3588,25.8361,8.7848,0.4709,0.2864,4.6754,60.2328,12.4209,326.5676,439.5696,995.4245,114.3402,34.1684,1.5879,65.3671,4.5278,0.9307,27.1351,0.26,286.3813,53.9809,130.4677,16188.8186,0.0,2
10311,10033576,鮮菇搞烏龍,132.3297,74.6909,4.8411,6.8362,2.6386,0.7791,12.8526,1.1553,421.1608,1018.7724,515.0426,150.1347,11.0447,2.2166,157.2971,93.3248,0.2531,14.5601,16.2856,2638.6328,3005.1401,1137.7835,4179.8207,13.9129,2
10312,10033990,簡易牛排干貝 之 減醣料理,300.8632,35.8589,20.6852,13.2105,5.9921,3.673,27.6336,5.3581,589.6245,317.6234,451.5611,83.6607,16.3088,4.1289,215.3764,25.351,0.7823,20.2416,0.8759999999999999,5992.126,6639.1511,538.9747,24228.7878,54.5963,2
10313,10034133,簡易家常菜3-義式香料煎鮭魚,179.0831,44.433,21.1673,5.5977,2.2593,16.8263,12.8024,6.5329999999999995,2443.4035,4286.9574,844.3461,199.2283,14.3697,1.8957,229.257,7204.9296,4.7089,64.768,38.5548,2259.292,1408.2548,1928.8377,20153.6624,32.1391,2
10314,10034219,簡易豬血湯,31.8591,91.2094,3.1565,0.9678,0.1927,1.6631,3.0032,1.3617,334.6692,324.9298,31.2578,12.6858,11.932,0.2762,43.4947,1429.2674,0.6676,50.7751,8.3741,192.7015,248.6389,467.2201,1860.5077,19.9068,2
10315,10034695,醬油烏龍麵 淬釀日式下午茶點,93.3089,77.9136,4.0981,1.9982,0.8073,0.9989,14.9912,0.9707,582.8028,1034.5357,544.5746,158.1753,11.8592,2.2725,162.4544,60.3934,0.2457,13.6499,2.6129,807.3152,882.6513,270.454,3898.4956,39.0193,2
10316,10036781,鹽烤吳郭魚,167.1647,5.3247,1.76,0.5035,0.0741,53.8518,38.56,12.3776,9766.4,13822.9471,350.3894,213.0047,27.0071,0.4353,85.2141,35.6059,0.2447,22.0494,0.5176,74.1153,129.8506,294.8541,1508.8706,0.0,2
10317,10036793,鹽烤胡椒蝦,181.2515,50.0125,14.6021,0.9990000000000001,0.2637,7.5038,27.3136,9.0792,1026.4932,1409.0,218.1177,169.6224,19.9842,1.1626,188.5386,27.1488,1.4736,26.9097,0.7725,263.6903,260.4853,462.8831,12514.2805,107.0241,2
10318,10036938,菇菇肉鬆蓋飯,300.3115,16.9833,10.9847,1.7155,0.7163,5.2611,65.0554,13.0888,458.1082,459.157,1073.3856,120.9565,36.6919,1.7168,81.679,4.9576,1.2458,25.7156,0.004,716.3078,663.2021,335.9504,19665.337,6.1818,2
10319,10037148,清清爽爽 百香龍鬚菜,266.8798,28.336,13.3519,2.5036,0.6017,3.4683,52.3401,12.1684,90.4192,243.7745,851.5936,114.8539,30.1745,1.6681,127.8207,1378.3007,1.359,56.8846,6.2348,601.7026,497.8456,934.0141,19120.4633,13.0767,2
10320,10037161,芝麻香拌龍鬚菜,347.4366,15.1434,10.6191,9.6375,1.663,4.1331,60.4668,13.622,88.9451,139.7459,1174.3853,158.093,34.4427,2.2883,148.4997,0.0,6.7015,37.0309,0.0,1663.0471,3639.2709,4335.2537,18711.3479,0.0,2
10321,10037164,涼拌龍鬚菜,200.4406,43.6322,6.9037,0.348,0.2008,3.2578,45.8582,9.2328,344.4049,122.6921,724.6247,85.7824,24.7066,1.2174,61.0148,0.0,0.5473,19.2811,1.932,200.7822,41.9223,85.2873,12288.6554,0.0,2
10322,10037207,吳秀乾農園梅乾菜,228.6084,23.1667,3.0712,0.6427,0.0,17.6071,55.5123,7.188,6468.8653,458.9729,213.9478,32.8631,19.9474,0.9621,39.4185,4012.8049,2.2783,0.7395,0.0,0.0,0.0,0.0,2689.219,0.0,2
10323,10037226,梅干菜豬肉,202.0316,39.1508,6.9994,8.154,2.9218,18.7594,26.9364,7.3279,6903.6507,551.0911,219.0495,40.3003,20.6069,1.3777,77.7848,4109.4124,2.4399,4.9745,0.1488,2921.8283,3367.0799,1194.2739,6413.8195,15.7091,2
10324,10037455,小磨坊蔥風味油拌龍鬚菜  無油煙的健康料理,326.1166,17.5499,9.6354,7.3743,0.9565,5.1677,60.2738,12.4803,479.8147,441.2971,1000.2215,112.3692,34.4418,1.6097,71.2193,0.0,3.8976,26.2051,0.5531,956.4644,3794.4628,2618.2562,16550.4996,0.0,2
10325,10037950,黑木耳辣炒龍鬚菜,303.2531,16.7641,10.2812,1.4077,0.4769,3.9702,67.5769,14.2796,122.584,98.0009,1150.2582,128.8962,39.4257,1.7924,75.1332,145.0083,1.5478,27.4371,2.4607,476.8761,259.8224,670.183,19076.6393,0.2363,2
10326,10038378,新手必試 100成功 棉花糖玉米脆餅,404.967,9.1482,5.024,13.0275,8.9265,0.0361,69.2565,1.5231,343.6918,81.76,42.1868,18.5433,13.3965,0.0494,5.8529,1286.9554,0.4055,6.4866,9.6923,8880.3324,3273.7922,458.9656,1330.5462,31.2971,2
10327,10038540,百里香油漬蕃茄 蔬食好料理,146.9478,64.0279,2.7151,8.2945,1.5719,1.2152,21.5518,7.4716,277.7226,301.2373,221.0635,41.2465,11.2512,0.2549,23.0191,2670.3593,1.6425,2.3994,20.8122,1010.4652,4661.6285,669.415,202.4811,0.0,2
10328,10038641,巧克力玉米脆片,549.0914,0.9608,10.1465,34.6888,22.398000000000003,2.3148,49.9892,11.5098,186.1027,809.7952,85.75200000000001,224.115,15.1458,3.0105,307.0575,473.9152,6.0562,18.0724,5.25,22373.025,10959.7834,1250.0365,6456.2205,0.0,2
10329,10038712,香草 百里香的栽培及料理運用 附 實作影片,411.4873,9.0782,19.5364,25.8073,1.4727,8.58,36.9982,36.6109,240.9364,1946.5309,794.8673,410.8945,41.0673,5.3418,536.9527,165.7091,8.3691,131.5382,0.0,1473.6255,16034.3855,8299.7891,16588.7218,0.0,2
10330,10038832,15分鐘上桌 泡菜起司炒烏龍麵,153.6234,71.2429,5.1883,8.8284,3.5611,1.1498,13.7079,0.9766,527.403,1047.7722,549.0786,155.1422,11.4636,2.3077,195.674,84.7479,0.1478,13.2415,12.3009,3561.1372,3840.2529999999997,1396.4886,4925.5802,14.6595,2
10331,10038877,百香果龍鬚菜 超爽口,266.4809,30.0497,8.2716,3.4443,0.6312,3.222,55.0124,12.0722,118.8225,113.0087,895.8192,104.9691,30.8297,1.5436,66.6436,340.9322,1.8730000000000002,21.2575,6.6494,631.1886,627.5336,1686.8765,14628.8052,1.334,2
10332,10038952,牛肉炒烏龍(旅行料理),208.5663,63.5104,7.0145,13.3774,6.8943,1.5591,14.7372,0.9365,686.8225,1718.9263,791.4082,226.1759,17.2471,3.4671,209.4869,738.4858,0.4664,30.5019,2.7412,6894.2411,6016.7479,348.4713,6406.6461,23.1355,2
10333,10038961,秋葵佐胡麻醬,510.2332,20.4175,16.6838,41.2589,6.7318,3.3975,18.2419,10.068999999999999,5.2055,457.6312,640.2745,235.2288,16.0951,3.4877,453.5425,514.9477,15.4964,129.6926,4.954,6731.7299,13721.1795,20782.0899,14575.7126,0.0,2
10334,10039496,東販小食堂香菜起司小酥餅,376.1322,16.2788,22.7175,18.8834,10.7913,8.1639,33.9563,12.6769,408.7242,1217.2283,1767.5478,339.4716,26.4141,3.7967,308.0857,13731.7598,9.4925,107.3121,69.8397,10791.2867,4362.9266,3707.7270000000003,21719.2747,23.5752,2
10335,10039534,七味紫菜脆條,425.7813,8.3667,18.6463,26.656,10.466,10.8913,35.44,20.4184,1319.0259,2831.1671,244.4042,244.4432,36.7748,2.4968,323.0365,345.167,5.0796,232.9771,0.0,10466.0556,11510.8368,4668.5412,16463.8204,28.0219,2
10336,10039875,榨菜炒豬血 豆豆愛的料理,47.8611,87.6906,5.7694,0.6189,0.2771,0.8835,5.0376,0.3571,300.5205,48.4738,11.6971,5.4188,25.1061,0.2735,68.6559,15.1029,0.3571,8.3568,0.2142,277.1809,210.4654,131.291,2994.7029,44.8158,2
10337,10040284,日式燜筍配冷烏冬,158.0142,57.3497,9.988999999999999,3.0996,1.1739,3.7281,25.8336,7.505,496.5024,942.7338,109.5296,93.7489,13.1683,1.8037,178.4379,138.9284,1.6129,89.4802,3.4254,1173.8581,1273.1749,578.3164,8670.8139,49.5878,2
10338,10040330,簡易紫菜雞蛋米卷,296.0165,24.631999999999998,14.5277,6.957999999999999,3.2479,5.7519,48.1304,10.2439,712.7352,1303.7826,166.229,134.4701,20.4972,1.7935,264.107,318.4833,1.3008,147.6061,1.6768,3247.9422,2905.4765,668.4963,13424.8211,102.4717,2
10339,10040516,新手必試 100成功 棉花糖玉米脆餅,404.967,9.1482,5.024,13.0275,8.9265,0.0361,69.2565,1.5231,343.6918,81.76,42.1868,18.5433,13.3965,0.0494,5.8529,1286.9554,0.4055,6.4866,9.6923,8880.3324,3273.7922,458.9656,1330.5462,31.2971,2
10340,10040915,經典香港大排檔靚粥   豬紅粥,168.407,52.0167,25.4794,0.8162,0.3135,4.2787,17.4089,0.1767,1186.6755,398.1004,26.549,64.393,12.5322,2.3533,310.6694,5.0723,0.9706,16.3788,0.0592,313.4901,136.6827,358.9349,22131.4141,72.4159,2
10341,10040994,麻醬秋葵蕎麥麵卷,368.0431,16.9691,14.4429,12.8868,2.3165,5.3202,50.3954,9.427999999999999,820.6271,1054.0442,157.6549,142.1544,14.4582,1.7745,250.2544,258.5687,7.3809,104.3673,1.2249,2316.4839,4548.8833,6000.8679,13284.4297,0.0,2
10342,10041015,紫菜豆腐芫荽肉片滾湯,99.9503,21.6612,7.0123,0.9688,0.4269,3.1429,18.2468,6.1714,427.9292,728.7453,85.7032,79.1979,11.7427,1.1543,113.5808,1252.0187,0.6582,74.4117,7.4264,426.93699999999995,310.3947,193.2059,6093.0064,2.1015,2
10343,10041342,黑木耳辣炒龍鬚菜,303.2531,16.7641,10.2812,1.4077,0.4769,3.9702,67.5769,14.2796,122.584,98.0009,1150.2582,128.8962,39.4257,1.7924,75.1332,145.0083,1.5478,27.4371,2.4607,476.8761,259.8224,670.183,19076.6393,0.2363,2
10344,10041741,自製金莎巧克力,478.1521,3.5475,9.077,24.0137,15.5421,1.4880000000000002,58.4059,8.3555,350.7516,572.173,84.478,155.0117,18.8108,1.9322,198.1414,919.7859,3.8967,13.8446,10.0189,15494.4462,7454.3895,853.5234,4204.8531,6.0374,2
10345,10042140,萬用巧克力筆 VICI的懶人廚房,357.0,0.0,8.0,0.4,0.1,0.0,84.0,3.3,729.0,168.0,84.0,39.0,28.9,0.0,0.0,1786.0,0.0,7.2,21.0,0.0,0.0,0.0,0.0,0.0,2
10346,10042162,香烤紫菜,531.8828,6.3792,16.9732,44.6765,7.4541,8.0175,24.0149,14.811,922.4772,1993.3096,169.3312,239.9939,25.8986,2.4225,365.1202,127.7354,25.845,171.9896,0.1341,7454.1784,16994.218999999997,20187.2419,15555.56,0.0,2
10347,10042164,紫菜豆腐湯,221.7337,37.2239,39.4583,2.2025,0.732,10.7269,10.7307,5.5179,2240.3779999999997,1284.7594,714.0456,219.1749,13.7779,1.1918,482.9734,84.8839,1.63,75.4318,0.0134,732.0289,420.9077,1046.9128,33353.1335,368.1812,2
10348,10042363,五味醬(11),208.938,39.588,10.527999999999999,3.484,0.726,8.22,38.178000000000004,10.648,1179.224,1075.776,1239.098,273.57,21.674,1.9880000000000002,116.86,11245.271999999999,7.09,80.81,56.593999999999994,725.318,725.342,2033.0620000000001,8234.476,0.0,2
10349,10042825,沙爹醬,479.8042,12.3998,14.4082,31.8935,3.8118,4.2167,37.0818,8.9793,885.7085,728.9565,226.0833,150.7702,14.102,2.3025,310.9253,74.8044,24.4091,39.8762,0.0,3811.79,6728.5653,12143.7409,5632.9505,8.9918,2
10350,10042846,沙嗲醬,479.8042,12.3998,14.4082,31.8935,3.8118,4.2167,37.0818,8.9793,885.7085,728.9565,226.0833,150.7702,14.102,2.3025,310.9253,74.8044,24.4091,39.8762,0.0,3811.79,6728.5653,12143.7409,5632.9505,8.9918,2
10351,10042956,和風炒麵,128.0369,56.9735,4.5452,6.0062,2.3376,0.7467,14.0293,0.8168,405.7765,1115.8485,553.5211,161.4094,12.1764,2.3044,160.283,846.9227,0.2037,9.1837,2.3391,2337.6131,2640.2355,1009.8295,4253.8289,13.241,2
10352,10043136,花式香腸,340.4041,35.257,17.2077,21.5907,7.7989,5.0344,20.9103,5.5920000000000005,943.5131,662.6951,469.199,123.4773,12.0632,2.1366,179.7584,3945.3457,7.676,43.0539,39.4425,7798.8992,9625.1391,4083.6701,16297.7566,46.2884,2
10353,10043291,炸豬血糕,200.9305,49.3096,8.3976,0.9222,0.3177,1.6447,39.7259,2.1229,400.1119,85.0095,28.2248,34.047,14.7343,0.884,70.0619,3.603,0.0733,11.1992,0.0524,317.7045,406.9383,202.565,8528.2948,22.5895,2
10354,10043420,韭菜炒豬血,28.6172,91.1246,3.8913,0.3139,0.1143,1.6551,3.0152,1.4373,302.5284,364.1666,36.3757,13.056,13.9034,0.3013,49.195,2140.7651,0.5521,75.206,8.907,114.2829,45.6775,147.964,2394.91,23.1834,2
10355,10043925,雪棉玉米酥,377.6167,7.2882,4.128,5.5007,3.7217,0.4143,79.6264,2.4062,404.5198,88.9763,53.5302,18.4558,12.2134,0.0405,7.534,862.6455,0.1564,4.9108,8.4067,3681.6661,1358.9795,289.8235,761.6817,13.2296,2
10356,10044414,髮菜蘆筍,98.7048,72.3718,3.8278,0.9035,0.2845,2.3775,20.5194,4.4557,232.2088,399.5724,318.7055,44.0053,11.5142,0.7601,41.451,222.1049,0.6416,17.4705,4.0539,284.5054,265.7894,353.8354,5909.5983,1.1847,2
10357,10044451,蕃茄咖哩醬,226.9159,26.7867,3.1208,8.6001,1.1258,8.6464,34.6424,7.1584,1620.4618,2036.2373,161.3581,64.0102,12.5314,0.7093,100.9576,147.5729,23.1347,21.1547,0.0,1125.8574,3769.6567,3678.9120000000003,2282.9231,0.0,2
10358,10045354,素食火鍋沾料,435.7602,22.9682,11.8123,34.8937,6.0813,9.0145,21.3113,7.6803,2251.6112,804.7013,836.4077,212.9338,15.561,1.8587,199.7465,6809.4063,47.2343,89.98899999999999,35.3717,6081.3173,8584.6835,20227.4932,10323.4712,0.0,2
10359,10045695,黑醋香菜沾醬,223.9832,46.1657,9.0207,10.6272,1.7630000000000001,6.7213,27.4651,9.0301,765.5109,894.2539999999999,1111.3691,243.9268,19.9756,1.7162,97.1133,9792.4925,8.9019,75.9327,51.0995,1762.9915,3043.659,5822.1821,7422.9046,0.0,2
10360,10045919,咖哩紫地瓜,308.3762,43.2397,2.9523,20.2825,3.1023,4.8166,28.7134,8.2214,692.2763,1218.8027,159.8425,72.4969,12.714,0.7390000000000001,98.7941,76.0858,18.4368,26.5135,12.2051,3102.2002,14973.1479,2137.7633,2085.0895,0.0,2
